FCID,Lane,SampleID,SampleRef,Index,Description,Control,Recipe,Operator,Project
CAL6PANXX,1,5T,,TGACCA,,,,,AZNF
CAL6PANXX,1,5C,,ACAGTG,,,,,AZNF
CAL6PANXX,1,6T,,GCCAAT,,,,,AZNF
CAL6PANXX,1,6C,,CTTGTA,,,,,AZNF
CAL6PANXX,2,5T,,TGACCA,,,,,AZNF
CAL6PANXX,2,5C,,ACAGTG,,,,,AZNF
CAL6PANXX,2,6T,,GCCAAT,,,,,AZNF
CAL6PANXX,2,6C,,CTTGTA,,,,,AZNF
CAL6PANXX,3,5T,,TGACCA,,,,,AZNF
CAL6PANXX,3,5C,,ACAGTG,,,,,AZNF
CAL6PANXX,3,6T,,GCCAAT,,,,,AZNF
CAL6PANXX,3,6C,,CTTGTA,,,,,AZNF
CAL6PANXX,4,5T,,TGACCA,,,,,AZNF
CAL6PANXX,4,5C,,ACAGTG,,,,,AZNF
CAL6PANXX,4,6T,,GCCAAT,,,,,AZNF
CAL6PANXX,4,6C,,CTTGTA,,,,,AZNF
CAL6PANXX,5,n1-0,,ACAGTG,,,,,AYLC
CAL6PANXX,5,n1-20,,GCCAAT,,,,,AYLC
CAL6PANXX,5,n2-30T3,,CTTGTA,,,,,AYLC
CAL6PANXX,5,n2-15,,GTGAAA,,,,,AYLC
CAL6PANXX,5,n3-50,,CGATGT,,,,,AYLC
CAL6PANXX,5,n3-11,,CAGATC,,,,,AYLC
CAL6PANXX,6,n1-5,,ACAGTG,,,,,AYLC
CAL6PANXX,6,n1-30,,GCCAAT,,,,,AYLC
CAL6PANXX,6,n2-0,,CTTGTA,,,,,AYLC
CAL6PANXX,6,n2-20,,GTGAAA,,,,,AYLC
CAL6PANXX,6,n3-30T3,,CGATGT,,,,,AYLC
CAL6PANXX,6,n3-15,,CAGATC,,,,,AYLC
CAL6PANXX,7,n1-11,,ACAGTG,,,,,AYLC
CAL6PANXX,7,n1-50,,GCCAAT,,,,,AYLC
CAL6PANXX,7,n2-5,,CTTGTA,,,,,AYLC
CAL6PANXX,7,n2-30,,GTGAAA,,,,,AYLC
CAL6PANXX,7,n3-0,,CGATGT,,,,,AYLC
CAL6PANXX,7,n3-20,,CAGATC,,,,,AYLC
CAL6PANXX,8,n1-15,,ACAGTG,,,,,AYLC
CAL6PANXX,8,n1-30T3,,GCCAAT,,,,,AYLC
CAL6PANXX,8,n2-11,,CTTGTA,,,,,AYLC
CAL6PANXX,8,n2-50,,GTGAAA,,,,,AYLC
CAL6PANXX,8,n3-5,,CGATGT,,,,,AYLC
CAL6PANXX,8,n3-30,,CAGATC,,,,,AYLC
