FCID,Lane,SampleID,SampleRef,Index,Index2,Description,Control,Recipe,Operator,Project
CADN3ANXX,1,stA1,,CGATGT,,,,,,MR
CADN3ANXX,1,stA2,,TGACCA,,,,,,MR
CADN3ANXX,1,stA3,,ACAGTG,,,,,,MR
CADN3ANXX,1,stA4,,GCCAAT,,,,,,MR
CADN3ANXX,1,stA5,,CAGATC,,,,,,MR
CADN3ANXX,1,stB1 ,,CTTGTA,,,,,,MR
CADN3ANXX,1,stB2 ,,AGTCAA,,,,,,MR
CADN3ANXX,1,stB3 ,,AGTTCC,,,,,,MR
CADN3ANXX,1,stB4 ,,ATGTCA,,,,,,MR
CADN3ANXX,1,stB6 ,,CCGTCC,,,,,,MR
CADN3ANXX,1,stEV2 ,,GTCCGC,,,,,,MR
CADN3ANXX,1,stEV3 ,,GTGAAA,,,,,,MR
CADN3ANXX,1,stEV4 ,,ATCACG,,,,,,MR
CADN3ANXX,1,stEV5 ,,TTAGGC,,,,,,MR
CADN3ANXX,1,stEV6 ,,ACTTGA,,,,,,MR
CADN3ANXX,2,HSCR1E1,,ATTACTCG ,,,,,,KP
CADN3ANXX,2,H1E1,,TCCGGAGA ,,,,,,KP
CADN3ANXX,2,HSCR2E1,,CGCTCATT ,,,,,,KP
CADN3ANXX,2,H4E1,,GAGATTCC ,,,,,,KP
CADN3ANXX,2,HSCR12,,ATTCAGAA ,,,,,,KP
CADN3ANXX,2,H1E2,,GAATTCGT ,,,,,,KP
CADN3ANXX,2,HSCR2E2,,CTGAAGCT ,,,,,,KP
CADN3ANXX,2,H4E2,,TAATGCGC ,,,,,,KP
CADN3ANXX,2,HSCRE3,,CGGCTATG ,,,,,,KP
CADN3ANXX,2,H1E3,,TCCGCGAA ,,,,,,KP
CADN3ANXX,3,140EEP,,GGACTCCT,TATCCTCT,,,,,DI
CADN3ANXX,3,133EEP,,TAAGGCGA,TATCCTCT,,,,,DI
CADN3ANXX,3,134EEP,,CGTACTAG,TATCCTCT,,,,,DI
CADN3ANXX,3,135EEP ,,TCCTGAGC,TATCCTCT,,,,,DI
CADN3ANXX,3,140LEP,,TAGGCATG,AGAGTAGA,,,,,DI
CADN3ANXX,3,133LEP,,TAAGGCGA,AGAGTAGA,,,,,DI
CADN3ANXX,3,134LEP,,CGTACTAG,AGAGTAGA,,,,,DI
CADN3ANXX,3,135LEP ,,TCCTGAGC,AGAGTAGA,,,,,DI
CADN3ANXX,4,5T,,TGACCA,,,,,,AZ
CADN3ANXX,4,5C,,ACAGTG,,,,,,AZ
CADN3ANXX,4,6T,,GCCAAT,,,,,,AZ
CADN3ANXX,4,6C,,CTTGTA,,,,,,AZ
CADN3ANXX,5,5T,,TGACCA,,,,,,AZ
CADN3ANXX,5,5C,,ACAGTG,,,,,,AZ
CADN3ANXX,5,6T,,GCCAAT,,,,,,AZ
CADN3ANXX,5,6C,,CTTGTA,,,,,,AZ
CADN3ANXX,6,7T,,ATCACG,,,,,,AZ
CADN3ANXX,6,7C,,CAGATC,,,,,,AZ
CADN3ANXX,6,8T,,GATCAG,,,,,,AZ
CADN3ANXX,6,8C,,GGCTAC,,,,,,AZ
CADN3ANXX,7,9T,,TGACCA,,,,,,AZ
CADN3ANXX,7,9C,,ACAGTG,,,,,,AZ
CADN3ANXX,7,10T,,GCCAAT,,,,,,AZ
CADN3ANXX,7,10C,,CTTGTA,,,,,,AZ
CADN3ANXX,8,1,,TGACCA,,,,,,SR
CADN3ANXX,8,2,,GCCAAT,,,,,,SR
CADN3ANXX,8,4,,CAGATC,,,,,,SR
CADN3ANXX,8,8,,ACTTGA,,,,,,SR
CADN3ANXX,8,9,,GATCAG,,,,,,SR
CADN3ANXX,8,10,,CTTGTA,,,,,,SR